{
    "gpu_name": "Quadro RTX 8000",
    "folder_name": "results_06-12_14h42m41",
    "nb_views": 12,
    "epochs": 50,
    "patience": 10,
    "min_delta": 0.001,
    "data_dir": "/projects/reva/mpelissi/Dataset/ModelNet40",
    "category": "all",
    "log_suffix": "mesh_rendering_C-12",
    "epoch_earlystop": 20,
    "views_config": "circular",
    "opti_mvtn": null,
    "lr_opti": 1e-05,
    "lr_mvtn_optimizer": null,
    "weight_decay": 0.03,
    "batch_size": 4,
    "pc_rendering": false,
    "simplified_mesh" : false,
    "canonical_dist": 2.2,
    "train_losses": [
        1.698432598388665,
        0.7229633497332337,
        0.4839967824049424,
        0.36185842475538627,
        0.2853669243242572,
        0.2283883864281995,
        0.18235308640051448,
        0.14590040409730498,
        0.12080731576412487,
        0.09985863962534511,
        0.08403936567460764,
        0.07225030258793004,
        0.06058082687963443,
        0.05595829389927739,
        0.05158846922726041,
        0.045187687087406586,
        0.04673710447799803,
        0.03924677720523679,
        0.03715449834633147,
        0.03419956979614513
    ],
    "train_accuracies": [
        60.81479223813878,
        83.63303870771107,
        88.59087676521386,
        90.89708422228995,
        93.00010159504217,
        94.27003962206645,
        95.73300822919842,
        96.50513054962917,
        97.10454129838463,
        97.84618510616681,
        98.14081072843645,
        98.46591486335467,
        98.73006197297572,
        98.68942395611094,
        98.80117850248908,
        98.9434115615158,
        98.84181651935386,
        98.9434115615158,
        98.99420908259677,
        99.02468759524535
    ],
    "test_losses": [
        0.8690576572363632,
        0.5309616764920584,
        0.43589864946608214,
        0.3894313189928983,
        0.3836587716792665,
        0.35464436086198475,
        0.34295682924048865,
        0.3300060614126946,
        0.3226290881335574,
        0.3207707529047414,
        0.32720105938301713,
        0.32444821648508704,
        0.3226020824825427,
        0.3297137590020368,
        0.3443211403551049,
        0.32038586646278766,
        0.35391520228515405,
        0.33324542360472004,
        0.33365482220712017,
        0.32701328935776125
    ],
    "test_accuracies": [
        78.80875202593192,
        85.9805510534846,
        87.56077795786062,
        88.20907617504052,
        88.12803889789303,
        88.57374392220422,
        89.50567260940032,
        89.50567260940032,
        89.91085899513776,
        89.78930307941653,
        89.87034035656401,
        89.78930307941653,
        90.43760129659644,
        89.82982171799027,
        89.70826580226904,
        90.51863857374393,
        89.34359805510535,
        90.3970826580227,
        90.27552674230145,
        90.35656401944895
    ],
    "best_accuracy": 90.51863857374393,
    "best_epoch": 16
}