{
    "gpu_name": "Quadro RTX 5000",
    "folder_name": "results_06-12_17h10m05",
    "nb_views": 12,
    "epochs": 50,
    "patience": 10,
    "min_delta": 0.001,
    "data_dir": "/home/mpelissi/Dataset/ModelNet40/",
    "category": "all",
    "log_suffix": "circular",
    "epoch_earlystop": 25,
    "views_config": "circular",
    "opti_mvtn": null,
    "lr_opti": 1e-05,
    "lr_mvtn_optimizer": null,
    "weight_decay": 0.03,
    "batch_size": 16,
    "pc_rendering": false,
    "simplified_mesh": true,
    "canonical_dist": 2.2,
    "train_losses": [
        1.860896428490614,
        0.8296701579608701,
        0.5786265080141557,
        0.4493445512149241,
        0.3609327902932736,
        0.3009136933893836,
        0.25560118413421434,
        0.21704636550472153,
        0.1867333431304856,
        0.15706634300144076,
        0.13518404925102973,
        0.1206378398732246,
        0.09949962862815659,
        0.08655526725327378,
        0.07546264956275896,
        0.06535712073711292,
        0.0597794808072413,
        0.053654277189967355,
        0.04695789303022812,
        0.043833589356682905,
        0.0409381169199871,
        0.035505292116204734,
        0.03573869651409513,
        0.03377151546104775,
        0.0321032804498969
    ],
    "train_accuracies": [
        57.79741948592908,
        82.06847505841715,
        86.99583460327136,
        89.5560296657523,
        91.39489992888348,
        92.90866605709641,
        93.92461647871583,
        94.82881235395713,
        95.46886111957737,
        96.60672559179112,
        97.05374377730367,
        97.35852890378949,
        98.00873717362593,
        98.32368180432795,
        98.61830742659758,
        98.88245453621863,
        98.82149751092146,
        98.9332520572996,
        99.14660164583968,
        99.1059636289749,
        99.1059636289749,
        99.13644214162349,
        99.20755867113685,
        99.1262826374073,
        99.1262826374073
    ],
    "test_losses": [
        1.1105395438209658,
        0.7129254422721363,
        0.574024505726993,
        0.5002854265182489,
        0.43885425748603957,
        0.40229482020311536,
        0.3928526069112723,
        0.3705895139505306,
        0.3630809898157754,
        0.3563870725942956,
        0.3598512057222486,
        0.3506499057523005,
        0.3469552862472952,
        0.33912373452349714,
        0.32830757636186336,
        0.3359767092990824,
        0.33726982771486586,
        0.3338456346715365,
        0.3344183975967744,
        0.35590323291046755,
        0.3413549835872536,
        0.34715436711483033,
        0.34761566971062546,
        0.3413436640893304,
        0.3554498855670494
    ],
    "test_accuracies": [
        77.71474878444084,
        84.15721231766612,
        85.65640194489465,
        86.75040518638573,
        88.0064829821718,
        88.97893030794165,
        88.85737439222042,
        89.50567260940032,
        89.54619124797406,
        89.34359805510535,
        89.3030794165316,
        89.3030794165316,
        89.42463533225283,
        89.91085899513776,
        90.27552674230145,
        89.70826580226904,
        89.62722852512155,
        90.07293354943273,
        90.23500810372771,
        88.89789303079417,
        89.54619124797406,
        89.38411669367909,
        90.15397082658022,
        89.87034035656401,
        89.70826580226904
    ],
    "best_accuracy": 90.27552674230145,
    "best_epoch": 15
}