{
    "gpu_name": "Quadro RTX 6000",
    "folder_name": "results_06-12_11h16m14",
    "nb_views": 12,
    "epochs": 50,
    "patience": 10,
    "min_delta": 0.001,
    "data_dir": "/projects/reva/mpelissi/Dataset/ModelNet40",
    "category": "all",
    "log_suffix": "mesh_rendering-12",
    "epoch_earlystop": 29,
    "views_config": "spherical",
    "opti_mvtn": null,
    "lr_opti": 1e-05,
    "lr_mvtn_optimizer": null,
    "weight_decay": 0.03,
    "batch_size": 4,
    "pc_rendering": false,
    "simplified_mesh" : false,
    "canonical_dist": 2.2,
    "train_losses": [
        1.7315323591740914,
        0.7007912131785523,
        0.4353569146406173,
        0.31242223883884795,
        0.22995795508277478,
        0.17664955702325733,
        0.13655952138423977,
        0.10592692665099547,
        0.08757532043841848,
        0.06873503482255049,
        0.05925469037813972,
        0.05094842024053659,
        0.044730468647531,
        0.041452599069007,
        0.0369362033742079,
        0.037082918876463845,
        0.031216656051591914,
        0.02861160487343266,
        0.03049582859696384,
        0.02673593040036571,
        0.024767018151203562,
        0.027218552231228054,
        0.023812132201763286,
        0.023031976791523977,
        0.022456213246210614,
        0.02179707943811992,
        0.02116070124640476,
        0.02157865656554771,
        0.02012019360859538
    ],
    "train_accuracies": [
        60.83511124657117,
        85.43127095397745,
        90.50086355785838,
        92.97978258660977,
        94.82881235395713,
        96.1089098851976,
        96.9826272477903,
        97.94778014832876,
        98.30336279589557,
        98.63862643502998,
        98.82149751092146,
        98.97389007416439,
        99.02468759524535,
        99.05516610789394,
        99.21771817535304,
        99.05516610789394,
        99.21771817535304,
        99.19739916692066,
        99.06532561211013,
        99.17708015848827,
        99.3091537132988,
        99.16692065427208,
        99.24819668800163,
        99.26851569643401,
        99.34979173016357,
        99.21771817535304,
        99.2888347048664,
        99.24819668800163,
        99.20755867113685
    ],
    "test_losses": [
        0.8825446927144134,
        0.5168171109710148,
        0.3937034070140092,
        0.34916991805710573,
        0.31582275587469916,
        0.3127696002646564,
        0.29062620781946397,
        0.2766943885670727,
        0.2830577726744574,
        0.2970615444012955,
        0.2730193059742217,
        0.2858664859226252,
        0.28362981250450986,
        0.2689423332027466,
        0.28796394716005014,
        0.28189398697049706,
        0.27667612623824944,
        0.28086591927534005,
        0.26703344439006704,
        0.2789534816432052,
        0.2991398890226913,
        0.2987612469010086,
        0.2961647820269441,
        0.29370682645070467,
        0.30267640073569385,
        0.29684802698654983,
        0.2867899648479894,
        0.2795185381853825,
        0.29176346309850637
    ],
    "test_accuracies": [
        79.9837925445705,
        86.9935170178282,
        89.18152350081037,
        89.62722852512155,
        90.64019448946516,
        90.31604538087521,
        90.3970826580227,
        91.0453808752026,
        91.12641815235008,
        90.72123176661265,
        91.24797406807131,
        90.92382495948137,
        91.28849270664506,
        91.28849270664506,
        90.31604538087521,
        90.88330632090762,
        91.9773095623987,
        91.89627228525121,
        91.57212317666126,
        91.81523500810373,
        90.88330632090762,
        91.00486223662885,
        91.20745542949757,
        90.96434359805511,
        90.96434359805511,
        91.08589951377634,
        91.89627228525121,
        91.93679092382496,
        91.20745542949757
    ],
    "best_accuracy": 91.9773095623987,
    "best_epoch": 17
}