{
    "folder_name": "results_04-06_15h26m23",
    "nb_views": 12,
    "epochs": 50,
    "patience": 5,
    "min_delta": 0.01,
    "data_dir": "/home/mpelissi/Dataset/ModelNet40/",
    "category": "all",
    "log_suffix": "circular",
    "views_config": "circular",
    "opti_mvtn": null,
    "lr_opti": 1e-05,
    "lr_mvtn_optimizer": null,
    "weight_decay": 0.03,
    "batch_size": 16,
    "train_losses": [
        2.02652280922834,
        1.0323640149231854,
        0.7424122210737173,
        0.5857007004465763,
        0.4982378348079208,
        0.438979814397534,
        0.3849937982687896,
        0.34866840712871255,
        0.3143095725893297,
        0.2859905976257831,
        0.2612406851953597,
        0.24121958817137623,
        0.22186934400059574,
        0.20178540451331184,
        0.18708082256149258,
        0.17026017144225636
    ],
    "train_accuracies": [
        51.38677232551051,
        75.8000609570253,
        82.11927257949812,
        85.46174946662603,
        87.09742964543331,
        88.42832469775475,
        89.85065528802194,
        90.52118256629076,
        91.6793660469369,
        92.24829828304378,
        93.2845677130956,
        93.41664126790613,
        94.18876358833688,
        94.82881235395713,
        94.79833384130855,
        95.44854211114497
    ],
    "test_losses": [
        1.3963640333904375,
        0.9049723377030703,
        0.7103610997899406,
        0.6092078592267729,
        0.5503973703756327,
        0.5079327024414294,
        0.4824305701114598,
        0.46050874020363536,
        0.4293191247814966,
        0.4097229888219567,
        0.4041397256671541,
        0.3937161851388913,
        0.4098567054824783,
        0.3861408467502183,
        0.4006085110944696,
        0.3890577060121652
    ],
    "test_accuracies": [
        66.65316045380875,
        77.0259319286872,
        81.52350081037277,
        83.46839546191248,
        84.96758508914101,
        86.02106969205835,
        86.42625607779578,
        86.75040518638573,
        87.39870340356563,
        87.92544570502432,
        88.12803889789303,
        88.0064829821718,
        87.88492706645057,
        89.05996758508914,
        87.76337115072934,
        87.43922204213938
    ],
    "best_accuracy": 89.05996758508914,
    "best_epoch": 14
}